nodeId,commHash,commId,rank,nRanks,pid
005067,0x5536c7d9bd44d567,0x68397d93bb6f627d,38,128,109937
005067,0x5536c7d9bd44d567,0x68397d93bb6f627d,39,128,109938
005067,0x5536c7d9bd44d567,0x68397d93bb6f627d,36,128,109935
005067,0x5536c7d9bd44d567,0x68397d93bb6f627d,37,128,109936
005067,0x5af63bc1f0016857,0xef109df61cbcc286,0,1,109935
005067,0x3ab5b467292aaea,0x8354a86f041a06b4,0,1,109936
005067,0x6ab11ef45c4cf34,0x87556359ce537c3,0,1,109937
005067,0xbe8e0db9a04efbcb,0x28ef17606a67a147,0,1,109938
005067,0x2d781de58a6079e7,0xe7d12636594460c0,37,128,109936
005067,0x2d781de58a6079e7,0xe7d12636594460c0,36,128,109935
005067,0x2d781de58a6079e7,0xe7d12636594460c0,38,128,109937
005067,0x2d781de58a6079e7,0xe7d12636594460c0,39,128,109938
005067,0x6d5e54e63c99a9c5,0xff4cdf10cf021ee9,0,1,109935
005067,0xd2ac5e85554af96c,0xd080233d07610a28,0,1,109937
005067,0xc9cbf8dace3abe4a,0x3911eed4a75c04a9,0,1,109936
005067,0x752fa4c8076ebac7,0x46df720994b145b5,0,1,109938
005072,0x5536c7d9bd44d567,0x68397d93bb6f627d,59,128,221204
005072,0x5536c7d9bd44d567,0x68397d93bb6f627d,58,128,221203
005072,0x5536c7d9bd44d567,0x68397d93bb6f627d,57,128,221202
005072,0x5536c7d9bd44d567,0x68397d93bb6f627d,56,128,221201
005072,0xef9365d1528e067d,0x4e4af01ced4576d9,0,1,221201
005072,0x75cdc93b201dba24,0x4a22ece3dbc84d81,0,1,221203
005072,0x8ad3302c668be62d,0xdbe0aa4a71244bfc,0,1,221202
005072,0x8e796ccd6322b97a,0x72dc15d520ccacd4,0,1,221204
005072,0x2d781de58a6079e7,0xe7d12636594460c0,56,128,221201
005072,0x2d781de58a6079e7,0xe7d12636594460c0,59,128,221204
005072,0x2d781de58a6079e7,0xe7d12636594460c0,57,128,221202
005072,0x2d781de58a6079e7,0xe7d12636594460c0,58,128,221203
005072,0xcc46d1e4e4ba206f,0xc5c2f46201aa5353,0,1,221202
005072,0xbd10c7b8c665d4ed,0x58f1b9479c1b924e,0,1,221204
005072,0x4ce7550b328c3a3e,0x81ca1e1a377a3175,0,1,221201
005072,0x75249a1bc2b8f88b,0x7b92825066e70e0d,0,1,221203
005094,0x5536c7d9bd44d567,0x68397d93bb6f627d,108,128,230401
005094,0x5536c7d9bd44d567,0x68397d93bb6f627d,110,128,230403
005094,0x5536c7d9bd44d567,0x68397d93bb6f627d,109,128,230402
005094,0x5536c7d9bd44d567,0x68397d93bb6f627d,111,128,230404
005094,0x93d3ffaef8d75f3f,0xb553995ce6c9c1be,0,1,230403
005094,0x1c2ca9ee772f83be,0x236c35f7b83ac7a4,0,1,230404
005094,0x64ebe5a79ec22a49,0xc72304c4b8561453,0,1,230401
005094,0xd17966c428fa926c,0xe22de4dae7f08d53,0,1,230402
005094,0x2d781de58a6079e7,0xe7d12636594460c0,108,128,230401
005094,0x2d781de58a6079e7,0xe7d12636594460c0,111,128,230404
005094,0x2d781de58a6079e7,0xe7d12636594460c0,110,128,230403
005094,0x2d781de58a6079e7,0xe7d12636594460c0,109,128,230402
005094,0x36251c3d6886264c,0xc21ce62c931b90a0,0,1,230404
005094,0x83e66132a749aef2,0xc82f7341f0a4886a,0,1,230402
005094,0x9f0bbb59858eee02,0x209f30401b92f33,0,1,230401
005094,0x33675f20bb6060b0,0x87becedfd9ebf3f6,0,1,230403
005065,0x5536c7d9bd44d567,0x68397d93bb6f627d,29,128,223283
005065,0x5536c7d9bd44d567,0x68397d93bb6f627d,28,128,223282
005065,0x5536c7d9bd44d567,0x68397d93bb6f627d,31,128,223285
005065,0x5536c7d9bd44d567,0x68397d93bb6f627d,30,128,223284
005065,0xa966e87761b5e7bd,0xe75cc7414fd500f2,0,1,223283
005065,0xffdceb099e81d9d4,0x33df5f052f00e090,0,1,223284
005065,0xff67ed54e7c45c23,0x4499bad71aa23f46,0,1,223282
005065,0x28e3cae94cab778e,0x89fb658af53638a6,0,1,223285
005065,0x2d781de58a6079e7,0xe7d12636594460c0,28,128,223282
005065,0x2d781de58a6079e7,0xe7d12636594460c0,29,128,223283
005065,0x2d781de58a6079e7,0xe7d12636594460c0,31,128,223285
005065,0x2d781de58a6079e7,0xe7d12636594460c0,30,128,223284
005065,0x998c44564867e3e2,0xa4cb0c2cecd93bb5,0,1,223282
005065,0x33c6dac84d70fd31,0x87930a21e222f9af,0,1,223284
005065,0x5e6fc93c49ddc5b9,0x162fc8b6250953f5,0,1,223283
005065,0xe81dd242d281ec37,0x28d598acba93c97f,0,1,223285
005082,0x5536c7d9bd44d567,0x68397d93bb6f627d,86,128,248493
005082,0x5536c7d9bd44d567,0x68397d93bb6f627d,87,128,248494
005082,0x5536c7d9bd44d567,0x68397d93bb6f627d,85,128,248492
005082,0x5536c7d9bd44d567,0x68397d93bb6f627d,84,128,248491
005082,0x95b9721a3dcc6b83,0xfd1a974b835c02bf,0,1,248492
005082,0x6b7a1f20d942305f,0x7e7ab86417ff242,0,1,248491
005082,0xe4d137a368168e12,0x4c7e0c46536e85b1,0,1,248494
005082,0xbf8e98fc450780a3,0xe6e9093481475dd8,0,1,248493
005082,0x2d781de58a6079e7,0xe7d12636594460c0,84,128,248491
005082,0x2d781de58a6079e7,0xe7d12636594460c0,85,128,248492
005082,0x2d781de58a6079e7,0xe7d12636594460c0,87,128,248494
005082,0x2d781de58a6079e7,0xe7d12636594460c0,86,128,248493
005082,0x9fff5ebd56f8794e,0x5fe61315372bd36d,0,1,248491
005082,0x65ea74b9c11e9bd9,0xe7abd9a9be1cef58,0,1,248492
005082,0xc1b098e3275af4b,0x361b324ca5ea69f0,0,1,248494
005082,0x44c9c1d5747c3786,0x6d939f2644cf08f1,0,1,248493
005081,0x5536c7d9bd44d567,0x68397d93bb6f627d,83,128,241895
005081,0x5536c7d9bd44d567,0x68397d93bb6f627d,81,128,241893
005081,0x5536c7d9bd44d567,0x68397d93bb6f627d,82,128,241894
005081,0x5536c7d9bd44d567,0x68397d93bb6f627d,80,128,241892
005081,0x379506d459c617d0,0x6506f2350082e483,0,1,241892
005081,0x9db8b57e961caffb,0xe448649db6e84ce8,0,1,241893
005081,0x8b906417472db516,0xfce12549633fd222,0,1,241894
005081,0x32e369d3c63aa5b0,0x2d8b096bc91869b5,0,1,241895
005081,0x2d781de58a6079e7,0xe7d12636594460c0,80,128,241892
005081,0x2d781de58a6079e7,0xe7d12636594460c0,81,128,241893
005081,0x2d781de58a6079e7,0xe7d12636594460c0,82,128,241894
005081,0x2d781de58a6079e7,0xe7d12636594460c0,83,128,241895
005081,0x5cf583768c2e9319,0x10602b85fa6a18c,0,1,241895
005081,0x683bf2d367cb2bc7,0xe4d65f6b598f2f0,0,1,241893
005081,0xa23414930dd360a0,0x885d8889e274b738,0,1,241894
005081,0x1aa229ca94da1f41,0x32d0a3ce4bd035c8,0,1,241892
005075,0x5536c7d9bd44d567,0x68397d93bb6f627d,64,128,243497
005075,0x5536c7d9bd44d567,0x68397d93bb6f627d,65,128,243498
005075,0x5536c7d9bd44d567,0x68397d93bb6f627d,66,128,243499
005075,0x5536c7d9bd44d567,0x68397d93bb6f627d,67,128,243500
005075,0xebe78002d290c294,0x190c0fe02d32c659,0,1,243498
005075,0x9f3bd8f029c25f6d,0x185a0977044e642b,0,1,243497
005075,0x1b3266c459affa6f,0x894fab4bb8166c63,0,1,243500
005075,0x7ea7064d9b237904,0x77f46749d7198034,0,1,243499
005075,0x2d781de58a6079e7,0xe7d12636594460c0,66,128,243499
005075,0x2d781de58a6079e7,0xe7d12636594460c0,67,128,243500
005075,0x2d781de58a6079e7,0xe7d12636594460c0,64,128,243497
005075,0x2d781de58a6079e7,0xe7d12636594460c0,65,128,243498
005075,0x34be76abe7993315,0x73cf4f2c68e487a2,0,1,243498
005075,0xdd217341b63825d0,0x2946c1037d418187,0,1,243500
005075,0xc5679a3040934946,0x79b41914bf031738,0,1,243499
005075,0x13f30a93f090b427,0xd212596e8b78df92,0,1,243497
005062,0x5536c7d9bd44d567,0x68397d93bb6f627d,16,128,211092
005062,0x5536c7d9bd44d567,0x68397d93bb6f627d,17,128,211093
005062,0x5536c7d9bd44d567,0x68397d93bb6f627d,18,128,211094
005062,0x5536c7d9bd44d567,0x68397d93bb6f627d,19,128,211095
005062,0x99e986e8afb28871,0x832b266731a8dc94,0,1,211095
005062,0xc0bb085409d558ca,0xc945f3e193310c65,0,1,211094
005062,0x2be933805db63e00,0x8d2fd63c0e47100f,0,1,211092
005062,0xa5d15eba142bde16,0x8d366627f9fcd6ce,0,1,211093
005062,0x2d781de58a6079e7,0xe7d12636594460c0,19,128,211095
005062,0x2d781de58a6079e7,0xe7d12636594460c0,18,128,211094
005062,0x2d781de58a6079e7,0xe7d12636594460c0,16,128,211092
005062,0x2d781de58a6079e7,0xe7d12636594460c0,17,128,211093
005062,0x46bb721dcd6b9c7,0x423e2f3fa842be9c,0,1,211094
005062,0x710855418f8b1adc,0xe394e13162bd417a,0,1,211095
005062,0xe51a8cac52fe330d,0xb09a48678d3bf990,0,1,211093
005062,0xb5e99f1df2b67877,0x6ea34b18a3e6bb00,0,1,211092
005096,0x5536c7d9bd44d567,0x68397d93bb6f627d,114,128,171212
005096,0x5536c7d9bd44d567,0x68397d93bb6f627d,113,128,171211
005096,0x5536c7d9bd44d567,0x68397d93bb6f627d,115,128,171213
005096,0x5536c7d9bd44d567,0x68397d93bb6f627d,112,128,171210
005096,0xd43595e3819d3183,0xb01078c9275f9856,0,1,171212
005096,0xdd780d3990c1b00f,0x45893c12bb624cf0,0,1,171211
005096,0x728234db3d9a8f57,0x89cea460de3d895,0,1,171210
005096,0x28db662151d10a3,0xe3f0c0fbb0509c27,0,1,171213
005096,0x2d781de58a6079e7,0xe7d12636594460c0,115,128,171213
005096,0x2d781de58a6079e7,0xe7d12636594460c0,114,128,171212
005096,0x2d781de58a6079e7,0xe7d12636594460c0,113,128,171211
005096,0x2d781de58a6079e7,0xe7d12636594460c0,112,128,171210
005096,0xbc5df86d9475c13a,0x2c2dff1d22511abb,0,1,171211
005096,0xaeb1c86c72966aae,0x5242c6f15f5c1e0f,0,1,171212
005096,0xb1eab6216a7f0a2d,0x66ffbe89cee3a6b4,0,1,171213
005096,0xb94daf429ccacfa2,0xe83a2bd9984fd861,0,1,171210
005078,0x5536c7d9bd44d567,0x68397d93bb6f627d,71,128,289669
005078,0x5536c7d9bd44d567,0x68397d93bb6f627d,69,128,289666
005078,0x5536c7d9bd44d567,0x68397d93bb6f627d,70,128,289667
005078,0x5536c7d9bd44d567,0x68397d93bb6f627d,68,128,289665
005078,0xf4f7f081dd0777d7,0xd2626f6310c8235a,0,1,289665
005078,0x2fe8681ed72566ac,0x13d3482e8f4da1e3,0,1,289666
005078,0xf13a8130de07b5b2,0x315c85679d6d00c2,0,1,289667
005078,0xc17b423c2094c2e1,0xebb5b3abb5b6cc49,0,1,289669
005078,0x2d781de58a6079e7,0xe7d12636594460c0,71,128,289669
005078,0x2d781de58a6079e7,0xe7d12636594460c0,70,128,289667
005078,0x2d781de58a6079e7,0xe7d12636594460c0,69,128,289666
005078,0x2d781de58a6079e7,0xe7d12636594460c0,68,128,289665
005078,0x3bcc3bbbac7236b6,0x1a9018506201ed95,0,1,289666
005078,0xb5409b7e746bc405,0xebb753bcae43857b,0,1,289665
005078,0xcc8de61552e753a2,0x9fdb85f1d34d2d48,0,1,289667
005078,0x714786ec509a41b7,0xc1fee17f7604549d,0,1,289669
005099,0x5536c7d9bd44d567,0x68397d93bb6f627d,127,128,182169
005099,0x5536c7d9bd44d567,0x68397d93bb6f627d,124,128,182166
005099,0x5536c7d9bd44d567,0x68397d93bb6f627d,125,128,182167
005099,0x5536c7d9bd44d567,0x68397d93bb6f627d,126,128,182168
005099,0xa9ab5875fb37ec08,0x2d0abf3fe348ff10,0,1,182166
005099,0x3ea5843551f3d6d4,0x3a5592e0a1902a79,0,1,182168
005099,0x55505630785a19d9,0x2e5757c3ea1ed99b,0,1,182169
005099,0xab19590b2443f479,0xde4f42ba595d793e,0,1,182167
005099,0x2d781de58a6079e7,0xe7d12636594460c0,127,128,182169
005099,0x2d781de58a6079e7,0xe7d12636594460c0,126,128,182168
005099,0x2d781de58a6079e7,0xe7d12636594460c0,125,128,182167
005099,0x2d781de58a6079e7,0xe7d12636594460c0,124,128,182166
005099,0x936b578129a9ca0f,0xfee2bb8e9c1ec3f5,0,1,182169
005099,0x659d44ce7dc019c3,0x74645ab5affa8140,0,1,182167
005099,0x51b82ea76671af16,0x3c3392aba3e73712,0,1,182168
005099,0xe673c3a9de374f7e,0x6d51d207d26a79de,0,1,182166
005079,0x5536c7d9bd44d567,0x68397d93bb6f627d,73,128,269258
005079,0x5536c7d9bd44d567,0x68397d93bb6f627d,72,128,269257
005079,0x5536c7d9bd44d567,0x68397d93bb6f627d,74,128,269259
005079,0x5536c7d9bd44d567,0x68397d93bb6f627d,75,128,269260
005079,0x6e8d79155c0254ba,0x62a02e00651fe313,0,1,269257
005079,0xca62fa5125d5521e,0xad613bfb54a14391,0,1,269259
005079,0x4a27c29efbf47da7,0x386daa57fba49671,0,1,269258
005079,0x814ea62be2c93f5e,0x4deae41ea2f83c94,0,1,269260
005079,0x2d781de58a6079e7,0xe7d12636594460c0,72,128,269257
005079,0x2d781de58a6079e7,0xe7d12636594460c0,73,128,269258
005079,0x2d781de58a6079e7,0xe7d12636594460c0,74,128,269259
005079,0x2d781de58a6079e7,0xe7d12636594460c0,75,128,269260
005079,0xaf79ceb91c84ce8b,0xf45954c2330b5670,0,1,269258
005079,0xc910c2af79f406af,0x11aa18937bf89615,0,1,269260
005079,0x8cc8c1334c5f69c4,0x4eb7beff306c40b4,0,1,269259
005079,0x80d1269a55ba1dc5,0x894a4299b59f55f3,0,1,269257
005045,0x5536c7d9bd44d567,0x68397d93bb6f627d,3,128,22656
005045,0x5536c7d9bd44d567,0x68397d93bb6f627d,2,128,22655
005045,0x5536c7d9bd44d567,0x68397d93bb6f627d,0,128,22653
005045,0x5536c7d9bd44d567,0x68397d93bb6f627d,1,128,22654
005045,0x7f7d7173d89331d9,0x2252a0bcaf9b9123,0,1,22655
005045,0x40eb74db93fcde20,0xbc540aa348d6ddf,0,1,22656
005045,0xc2e29c1ae5353ad0,0x6b3458bfb3d6369d,0,1,22653
005045,0x7c27890e77b3a35b,0xa128a4c0e4a117cd,0,1,22654
005045,0x2d781de58a6079e7,0xe7d12636594460c0,2,128,22655
005045,0x2d781de58a6079e7,0xe7d12636594460c0,1,128,22654
005045,0x2d781de58a6079e7,0xe7d12636594460c0,3,128,22656
005045,0x2d781de58a6079e7,0xe7d12636594460c0,0,128,22653
005045,0xb912c8500a0bac8c,0x50e0ac7e24a6996c,0,1,22655
005045,0xb0bb2d7a75fb7d15,0x5a1b5d2479bb1798,0,1,22654
005045,0xe1fc97cd37bd5664,0xbdce725278146793,0,1,22656
005045,0x22f69e8437e33423,0x576476d731c1019d,0,1,22653
005070,0x5536c7d9bd44d567,0x68397d93bb6f627d,48,128,275206
005070,0x5536c7d9bd44d567,0x68397d93bb6f627d,50,128,275208
005070,0x5536c7d9bd44d567,0x68397d93bb6f627d,49,128,275207
005070,0x5536c7d9bd44d567,0x68397d93bb6f627d,51,128,275209
005070,0x70afb1cae39652ab,0x56f9791e2c0b900c,0,1,275208
005070,0xf3b2da64f7cffb92,0x6e7be65042e6c6de,0,1,275207
005070,0xc9f7a73233b2c66c,0xc1a05cb7f7192331,0,1,275209
005070,0x45c25773a624bdb6,0x48eac0b6aacc46f8,0,1,275206
005070,0x2d781de58a6079e7,0xe7d12636594460c0,50,128,275208
005070,0x2d781de58a6079e7,0xe7d12636594460c0,49,128,275207
005070,0x2d781de58a6079e7,0xe7d12636594460c0,51,128,275209
005070,0x2d781de58a6079e7,0xe7d12636594460c0,48,128,275206
005070,0x157a14c8fb5a1754,0xd6fef0e76337e3b1,0,1,275207
005070,0xcf31b690c61ea6df,0xad65f5b3cd3437a8,0,1,275208
005070,0xee7d2256513d9619,0x6c71b3ffaa09efd8,0,1,275206
005070,0xcb42b09c3d3455c2,0x9a52e9d28371b457,0,1,275209
005069,0x5536c7d9bd44d567,0x68397d93bb6f627d,45,128,225050
005069,0x5536c7d9bd44d567,0x68397d93bb6f627d,44,128,225049
005069,0x5536c7d9bd44d567,0x68397d93bb6f627d,46,128,225051
005069,0x5536c7d9bd44d567,0x68397d93bb6f627d,47,128,225052
005069,0x7927dd00667bb2f3,0x25dce4c702bc2e48,0,1,225052
005069,0x6a709e9a4345ccf0,0x715f7204cfc3688f,0,1,225051
005069,0x72ca4dece5c38597,0x7b4b92e1a2c8e663,0,1,225049
005069,0x9c43acd17a8efd42,0xbe2a5e9f1924af3c,0,1,225050
005069,0x2d781de58a6079e7,0xe7d12636594460c0,47,128,225052
005069,0x2d781de58a6079e7,0xe7d12636594460c0,46,128,225051
005069,0x2d781de58a6079e7,0xe7d12636594460c0,45,128,225050
005069,0x2d781de58a6079e7,0xe7d12636594460c0,44,128,225049
005069,0xb27d6c65026107b5,0xe9b68a043d6f8954,0,1,225051
005069,0xe99a638080681f7e,0xad61f5316b4daf96,0,1,225049
005069,0xaa2cf74cc7d0c6c4,0xc5fd48ca9e8694a6,0,1,225050
005069,0xbdb8a9ccbe9dcf8,0x632cdb240c485e88,0,1,225052
005060,0x5536c7d9bd44d567,0x68397d93bb6f627d,8,128,269939
005060,0x5536c7d9bd44d567,0x68397d93bb6f627d,9,128,269940
005060,0x5536c7d9bd44d567,0x68397d93bb6f627d,10,128,269941
005060,0x5536c7d9bd44d567,0x68397d93bb6f627d,11,128,269942
005060,0x746555c5cb16a592,0x620da28e44e943c,0,1,269941
005060,0x7d5c9729c4064384,0x58ed8eea910ed6e8,0,1,269940
005060,0x7b9c0da0681403fe,0xcb6e6b823b660226,0,1,269942
005060,0xc2ba6942eb557b51,0xebda9848ca8d1e9,0,1,269939
005060,0x2d781de58a6079e7,0xe7d12636594460c0,9,128,269940
005060,0x2d781de58a6079e7,0xe7d12636594460c0,11,128,269942
005060,0x2d781de58a6079e7,0xe7d12636594460c0,10,128,269941
005060,0x2d781de58a6079e7,0xe7d12636594460c0,8,128,269939
005060,0x4d94a4f67d0b3c2e,0xe13f70e366315553,0,1,269940
005060,0xdbe7033537e81b40,0x26f5f8dae9dc9fe1,0,1,269939
005060,0x942c6fc0fdf46adf,0x404fa8f9233694c2,0,1,269941
005060,0x4f96675b63f5b852,0x8afca2e50720fe7e,0,1,269942
005074,0x5536c7d9bd44d567,0x68397d93bb6f627d,60,128,290429
005074,0x5536c7d9bd44d567,0x68397d93bb6f627d,61,128,290430
005074,0x5536c7d9bd44d567,0x68397d93bb6f627d,62,128,290431
005074,0x5536c7d9bd44d567,0x68397d93bb6f627d,63,128,290432
005074,0x198ee4ab45b9cbf2,0xc995a2f79c16365,0,1,290431
005074,0x2df62865298c9c36,0xbc6058749f3bfa64,0,1,290432
005074,0xe3d6e5292a8e3cdb,0x3e779b77f9baf6f5,0,1,290429
005074,0x684027b0937ff88d,0x919aa870b7aff096,0,1,290430
005074,0x2d781de58a6079e7,0xe7d12636594460c0,63,128,290432
005074,0x2d781de58a6079e7,0xe7d12636594460c0,61,128,290430
005074,0x2d781de58a6079e7,0xe7d12636594460c0,60,128,290429
005074,0x2d781de58a6079e7,0xe7d12636594460c0,62,128,290431
005074,0xa1d401cd8a7c6157,0x7a5a3ea4c3116563,0,1,290430
005074,0x39cf69a23801d85b,0xe202201d4a8a7422,0,1,290429
005074,0xc128aaeace90a110,0x53a6fda82aaa2c83,0,1,290432
005074,0x9e360274403fabf6,0x4fdc31b42558c2c0,0,1,290431
005084,0x5536c7d9bd44d567,0x68397d93bb6f627d,90,128,167710
005084,0x5536c7d9bd44d567,0x68397d93bb6f627d,91,128,167711
005084,0x5536c7d9bd44d567,0x68397d93bb6f627d,89,128,167709
005084,0x5536c7d9bd44d567,0x68397d93bb6f627d,88,128,167708
005084,0xc36120560667fb77,0x6cc1477e4b972ade,0,1,167710
005084,0xc8a8554f5af7fc44,0x5f1c834a012abd55,0,1,167711
005084,0x8235d5e8fcfd1e46,0x812ed2bbe64b14f9,0,1,167708
005084,0x66b373745b692ba8,0x2ebec6fc2eb62009,0,1,167709
005084,0x2d781de58a6079e7,0xe7d12636594460c0,91,128,167711
005084,0x2d781de58a6079e7,0xe7d12636594460c0,89,128,167709
005084,0x2d781de58a6079e7,0xe7d12636594460c0,88,128,167708
005084,0x2d781de58a6079e7,0xe7d12636594460c0,90,128,167710
005084,0x3310d1e007074135,0x4b0149f9a4768423,0,1,167709
005084,0xc44f224f5e486e05,0xac7c435df3ef601c,0,1,167711
005084,0xec15ed8c7f7e0608,0x49f03c3d350b5148,0,1,167708
005084,0x9308a024ba5e986e,0xa969c14f69b86bc6,0,1,167710
005093,0x5536c7d9bd44d567,0x68397d93bb6f627d,107,128,237261
005093,0x5536c7d9bd44d567,0x68397d93bb6f627d,105,128,237259
005093,0x5536c7d9bd44d567,0x68397d93bb6f627d,106,128,237260
005093,0x5536c7d9bd44d567,0x68397d93bb6f627d,104,128,237258
005093,0x8480e8ca3a91b8f7,0x72bc92fd2d6d07fa,0,1,237259
005093,0x667386a7fae6ba72,0x24967811c2423872,0,1,237258
005093,0xfa68d5ffe5bdc5f6,0x5e99cf99237bc21f,0,1,237261
005093,0x87c757830a202f40,0x1816f19a8dfe472c,0,1,237260
005093,0x2d781de58a6079e7,0xe7d12636594460c0,104,128,237258
005093,0x2d781de58a6079e7,0xe7d12636594460c0,107,128,237261
005093,0x2d781de58a6079e7,0xe7d12636594460c0,106,128,237260
005093,0x2d781de58a6079e7,0xe7d12636594460c0,105,128,237259
005093,0x8b3129eb838e226a,0x66470224eec6eb94,0,1,237260
005093,0x9e959169c5546339,0x89fccf88e184bed3,0,1,237261
005093,0xbe15a26aa72478a3,0xc49aaa825949e8ae,0,1,237258
005093,0xf9e2aa14c7d1fe1f,0xb3b7e2c93f59f9d5,0,1,237259
005068,0x5536c7d9bd44d567,0x68397d93bb6f627d,42,128,34156
005068,0x5536c7d9bd44d567,0x68397d93bb6f627d,43,128,34157
005068,0x5536c7d9bd44d567,0x68397d93bb6f627d,41,128,34155
005068,0x5536c7d9bd44d567,0x68397d93bb6f627d,40,128,34154
005068,0x34e670f89650e9c7,0x4d07c0e218190666,0,1,34155
005068,0xcce9862396f97411,0x1e9819c059306726,0,1,34157
005068,0xc9a55a37f8f18217,0x32b9bf207b993ee2,0,1,34156
005068,0x69a826bec0d3d21a,0x222bab12e6cfc43e,0,1,34154
005068,0x2d781de58a6079e7,0xe7d12636594460c0,43,128,34157
005068,0x2d781de58a6079e7,0xe7d12636594460c0,42,128,34156
005068,0x2d781de58a6079e7,0xe7d12636594460c0,41,128,34155
005068,0x2d781de58a6079e7,0xe7d12636594460c0,40,128,34154
005068,0xa49129a2441d1865,0x9728864bea349940,0,1,34154
005068,0x59e7c1388e3cc086,0xfb64b91ddbb6bc9b,0,1,34156
005068,0x6b6de78858858e1c,0x977adc7ce4f65886,0,1,34155
005068,0x3bff22f41d554567,0x6a6b5d65c083f4f,0,1,34157
005071,0x5536c7d9bd44d567,0x68397d93bb6f627d,52,128,265863
005071,0x5536c7d9bd44d567,0x68397d93bb6f627d,53,128,265864
005071,0x5536c7d9bd44d567,0x68397d93bb6f627d,54,128,265865
005071,0x5536c7d9bd44d567,0x68397d93bb6f627d,55,128,265866
005071,0x68099893ecdd092c,0x46d92e804b064108,0,1,265866
005071,0x41f358d643feb4f6,0x8037d636dc034fb6,0,1,265863
005071,0x7361505b3660dcb8,0x1b4ad703cb48e4f8,0,1,265865
005071,0xe34fb706ba5a3ef3,0xc0d21d24b97733c5,0,1,265864
005071,0x2d781de58a6079e7,0xe7d12636594460c0,55,128,265866
005071,0x2d781de58a6079e7,0xe7d12636594460c0,54,128,265865
005071,0x2d781de58a6079e7,0xe7d12636594460c0,53,128,265864
005071,0x2d781de58a6079e7,0xe7d12636594460c0,52,128,265863
005071,0xa51cee07918b7f4d,0x76c8462f38f1c2ef,0,1,265864
005071,0xbe674165c4e958a7,0x7a5bc335c0d90e5a,0,1,265866
005071,0x30e3cdcb299dd9a1,0x65cd32271b148681,0,1,265865
005071,0x548912e17e2b867f,0x2ade3ec9a4c82b76,0,1,265863
005064,0x5536c7d9bd44d567,0x68397d93bb6f627d,24,128,220256
005064,0x5536c7d9bd44d567,0x68397d93bb6f627d,25,128,220257
005064,0x5536c7d9bd44d567,0x68397d93bb6f627d,26,128,220258
005064,0x5536c7d9bd44d567,0x68397d93bb6f627d,27,128,220259
005064,0xb135db1b302698db,0x74d556b19ca81a51,0,1,220257
005064,0x75acafb84b02a24c,0x88e9cc6d2dad4499,0,1,220259
005064,0xb50c43324c92c463,0x98ef8fedaaf85982,0,1,220258
005064,0x23f978f7d3db5d49,0x271a0b26c05a6803,0,1,220256
005064,0x2d781de58a6079e7,0xe7d12636594460c0,27,128,220259
005064,0x2d781de58a6079e7,0xe7d12636594460c0,25,128,220257
005064,0x2d781de58a6079e7,0xe7d12636594460c0,24,128,220256
005064,0x2d781de58a6079e7,0xe7d12636594460c0,26,128,220258
005064,0x4b3e7c2061a44df1,0x7902ced11dcc62d3,0,1,220257
005064,0x97de61045ffc3125,0x4f69ecf5661b169e,0,1,220256
005064,0xf95a1d680e7d400f,0x3471b9d3e79e3062,0,1,220258
005064,0x65fd2cca3b18cac9,0x842f18f7aba584cc,0,1,220259
005098,0x5536c7d9bd44d567,0x68397d93bb6f627d,123,128,167003
005098,0x5536c7d9bd44d567,0x68397d93bb6f627d,122,128,167002
005098,0x5536c7d9bd44d567,0x68397d93bb6f627d,120,128,167000
005098,0x5536c7d9bd44d567,0x68397d93bb6f627d,121,128,167001
005098,0xb06fcdd0306b2515,0x141f032fb7d101a4,0,1,167003
005098,0x7422fb6a3498b444,0xc5074c61f13e49c0,0,1,167002
005098,0x2764a02bfd798819,0x841cb4bb52c5b5ee,0,1,167000
005098,0xb6acda38d9812f82,0x2c543618c7ed63a5,0,1,167001
005098,0x2d781de58a6079e7,0xe7d12636594460c0,123,128,167003
005098,0x2d781de58a6079e7,0xe7d12636594460c0,122,128,167002
005098,0x2d781de58a6079e7,0xe7d12636594460c0,120,128,167000
005098,0x2d781de58a6079e7,0xe7d12636594460c0,121,128,167001
005098,0xccd53115d317d2ec,0xa58ddfd2137df0fb,0,1,167000
005098,0xaa10cee5f8ce1eb7,0xff4e6e207ba17c12,0,1,167001
005098,0x452181bdea231c4,0x7618cf5bb7b1d77a,0,1,167002
005098,0xee1033933b6e0c0f,0xb68ded10a72ceb4,0,1,167003
005061,0x5536c7d9bd44d567,0x68397d93bb6f627d,12,128,182283
005061,0x5536c7d9bd44d567,0x68397d93bb6f627d,13,128,182284
005061,0x5536c7d9bd44d567,0x68397d93bb6f627d,14,128,182285
005061,0x5536c7d9bd44d567,0x68397d93bb6f627d,15,128,182286
005061,0x86e89fbfd95e578c,0xeafd675293a702ea,0,1,182284
005061,0x6eb52aead3cdea7e,0x4c375ca1464a1d4,0,1,182285
005061,0x1ec9f75ec4337b7f,0xc7e5603a508a9fd7,0,1,182283
005061,0xf0bf3dd6d9ee290,0x3215b742ce3151bc,0,1,182286
005061,0x2d781de58a6079e7,0xe7d12636594460c0,12,128,182283
005061,0x2d781de58a6079e7,0xe7d12636594460c0,14,128,182285
005061,0x2d781de58a6079e7,0xe7d12636594460c0,13,128,182284
005061,0x2d781de58a6079e7,0xe7d12636594460c0,15,128,182286
005061,0xc666722b7d6deb53,0x406be5c96c8c150d,0,1,182283
005061,0xfc62a6589714c3d3,0x9f2671b212895e44,0,1,182286
005061,0x931f7eeb2244ee7a,0xa0ef20fa093b200c,0,1,182284
005061,0xde8c083766d3f20,0x785110db574929a9,0,1,182285
005066,0x5536c7d9bd44d567,0x68397d93bb6f627d,35,128,101874
005066,0x5536c7d9bd44d567,0x68397d93bb6f627d,34,128,101873
005066,0x5536c7d9bd44d567,0x68397d93bb6f627d,32,128,101871
005066,0x5536c7d9bd44d567,0x68397d93bb6f627d,33,128,101872
005066,0xe08c65fd1a263a66,0xe5e17b63e63cb70,0,1,101871
005066,0x6d09a15f733ffc5b,0xcb0c41b80fa29fb9,0,1,101874
005066,0x98b708714798e9e5,0x9ad9d1db1c5a267f,0,1,101873
005066,0xea834b657682ede,0x69872bad8623e0b6,0,1,101872
005066,0x2d781de58a6079e7,0xe7d12636594460c0,35,128,101874
005066,0x2d781de58a6079e7,0xe7d12636594460c0,32,128,101871
005066,0x2d781de58a6079e7,0xe7d12636594460c0,34,128,101873
005066,0x2d781de58a6079e7,0xe7d12636594460c0,33,128,101872
005066,0x147f7e7d1c0f886f,0xf64a8b40ed246fe8,0,1,101871
005066,0x749452a55d62354c,0x3cb8ae201c1a5d9a,0,1,101874
005066,0x5c12cd66c1217e41,0xb7c5e9f6133cd2f,0,1,101872
005066,0xb1c685e8fe542044,0xdfecc61ca0ff0f83,0,1,101873
005080,0x5536c7d9bd44d567,0x68397d93bb6f627d,77,128,238502
005080,0x5536c7d9bd44d567,0x68397d93bb6f627d,76,128,238501
005080,0x5536c7d9bd44d567,0x68397d93bb6f627d,78,128,238503
005080,0x5536c7d9bd44d567,0x68397d93bb6f627d,79,128,238504
005080,0x6efd9d0cde1f9e99,0x2c18a0eceed5c2c4,0,1,238502
005080,0x9fd79142de68ef66,0x80b12d6629a839bd,0,1,238504
005080,0x64aec5d11df13d7a,0x5f6a81adc3270640,0,1,238501
005080,0x259bc13f508de26a,0x9cdc6a1c0b55a2d6,0,1,238503
005080,0x2d781de58a6079e7,0xe7d12636594460c0,79,128,238504
005080,0x2d781de58a6079e7,0xe7d12636594460c0,78,128,238503
005080,0x2d781de58a6079e7,0xe7d12636594460c0,77,128,238502
005080,0x2d781de58a6079e7,0xe7d12636594460c0,76,128,238501
005080,0xb872bad310272252,0x4cf9117bcb3b00ac,0,1,238503
005080,0x3ad6127d79319dbe,0xb73a581a5095322a,0,1,238502
005080,0xfa7bc7593e29803f,0xdfc95954c8804d88,0,1,238501
005080,0xd4b7c1896aa09d4a,0x639fcc4f0c91bec5,0,1,238504
005063,0x5536c7d9bd44d567,0x68397d93bb6f627d,20,128,217948
005063,0x5536c7d9bd44d567,0x68397d93bb6f627d,23,128,217951
005063,0x5536c7d9bd44d567,0x68397d93bb6f627d,22,128,217950
005063,0x5536c7d9bd44d567,0x68397d93bb6f627d,21,128,217949
005063,0x457c939d26070d2d,0x42acfd8eab965b6e,0,1,217951
005063,0x13f3cfdf13c10769,0x1b195141c9cf9938,0,1,217948
005063,0xbfcea0e9cf8b03c6,0xee93e48cdd30a26c,0,1,217950
005063,0x5c3b9fb671395ba8,0x95115e8c58f517c1,0,1,217949
005063,0x2d781de58a6079e7,0xe7d12636594460c0,23,128,217951
005063,0x2d781de58a6079e7,0xe7d12636594460c0,22,128,217950
005063,0x2d781de58a6079e7,0xe7d12636594460c0,21,128,217949
005063,0x2d781de58a6079e7,0xe7d12636594460c0,20,128,217948
005063,0x56dc1079af3ece75,0x64efa6b726dc205a,0,1,217950
005063,0x8d0219d97687dabd,0x2ccb47e1caf5b495,0,1,217949
005063,0x2189a82155f19421,0x3cef8f21237714f6,0,1,217951
005063,0xba26b77dbe994976,0x5046749508e32557,0,1,217948
005092,0x5536c7d9bd44d567,0x68397d93bb6f627d,101,128,236170
005092,0x5536c7d9bd44d567,0x68397d93bb6f627d,100,128,236169
005092,0x5536c7d9bd44d567,0x68397d93bb6f627d,102,128,236171
005092,0x5536c7d9bd44d567,0x68397d93bb6f627d,103,128,236172
005092,0xa803de155194fe45,0x60cf594c81237466,0,1,236171
005092,0x65aef1f17301eddc,0xca45b7779ce4ffb2,0,1,236170
005092,0xa821325928d80de3,0x97f550a06409fd60,0,1,236169
005092,0x3ea17c2f22b49308,0x4a620e15f55b6676,0,1,236172
005092,0x2d781de58a6079e7,0xe7d12636594460c0,100,128,236169
005092,0x2d781de58a6079e7,0xe7d12636594460c0,103,128,236172
005092,0x2d781de58a6079e7,0xe7d12636594460c0,102,128,236171
005092,0x2d781de58a6079e7,0xe7d12636594460c0,101,128,236170
005092,0xeb6c9c5100c42312,0x1456537e55e3f270,0,1,236169
005092,0xf251d098d864a6a3,0x310906e5c1422e7e,0,1,236172
005092,0x14794ba74b6b9650,0x73ea1a7e0e02097,0,1,236170
005092,0xbb3807fbec61c140,0x29df1fbd2fa7bdba,0,1,236171
005087,0x5536c7d9bd44d567,0x68397d93bb6f627d,97,128,238012
005087,0x5536c7d9bd44d567,0x68397d93bb6f627d,96,128,238011
005087,0x5536c7d9bd44d567,0x68397d93bb6f627d,98,128,238013
005087,0x5536c7d9bd44d567,0x68397d93bb6f627d,99,128,238014
005087,0x43e613f2d0e44d14,0x5f0a760f529c1841,0,1,238011
005087,0xb5a4e3ad1aa3af3e,0xe6034034905786a2,0,1,238014
005087,0x99fbe3c20aec1880,0xc836509e3f2470b3,0,1,238012
005087,0xecbe0420761bccad,0x15ea146643f10902,0,1,238013
005087,0x2d781de58a6079e7,0xe7d12636594460c0,99,128,238014
005087,0x2d781de58a6079e7,0xe7d12636594460c0,98,128,238013
005087,0x2d781de58a6079e7,0xe7d12636594460c0,97,128,238012
005087,0x2d781de58a6079e7,0xe7d12636594460c0,96,128,238011
005087,0xc4769eee53a22534,0x1cd5422cd86296ca,0,1,238013
005087,0x702616bf406347e1,0x1fb556a606a44013,0,1,238011
005087,0xa998061cca50055f,0xb436a51d121e52f8,0,1,238012
005087,0xb8ed64dbadf09e34,0xdd93074df00728ce,0,1,238014
005085,0x5536c7d9bd44d567,0x68397d93bb6f627d,95,128,230186
005085,0x5536c7d9bd44d567,0x68397d93bb6f627d,94,128,230185
005085,0x5536c7d9bd44d567,0x68397d93bb6f627d,93,128,230184
005085,0x5536c7d9bd44d567,0x68397d93bb6f627d,92,128,230183
005085,0x6729c79e41c9442,0x2f4c28995ea5b7,0,1,230185
005085,0x4934a2748165f007,0xf6beccbe3b9aaf8e,0,1,230184
005085,0xb4702120eca18fee,0x209a1300693a583d,0,1,230186
005085,0xf62dc2d8bd59b6f8,0xf7baee96b6e588b9,0,1,230183
005085,0x2d781de58a6079e7,0xe7d12636594460c0,95,128,230186
005085,0x2d781de58a6079e7,0xe7d12636594460c0,92,128,230183
005085,0x2d781de58a6079e7,0xe7d12636594460c0,94,128,230185
005085,0x2d781de58a6079e7,0xe7d12636594460c0,93,128,230184
005085,0x460bf52039d27def,0xfb40655213779bf3,0,1,230185
005085,0x26dfcebf2c996d95,0xa17b1cc76da6f983,0,1,230184
005085,0xce700faf9d94bf06,0xfb779fed84e63370,0,1,230186
005085,0x79a001e6965d57cb,0x4c2ef58b608a6d22,0,1,230183
005059,0x5536c7d9bd44d567,0x68397d93bb6f627d,7,128,267780
005059,0x5536c7d9bd44d567,0x68397d93bb6f627d,6,128,267779
005059,0x5536c7d9bd44d567,0x68397d93bb6f627d,5,128,267778
005059,0x5536c7d9bd44d567,0x68397d93bb6f627d,4,128,267777
005059,0xd6583be9fd2ee4f,0xd8348dc88ea867a9,0,1,267780
005059,0xd646aa6bf35a3462,0xbe98c6b36943db68,0,1,267777
005059,0xda9707bafdd56db7,0x8723b062a2391de6,0,1,267778
005059,0x369831f3c4e946c8,0xe29aad0c91c207a6,0,1,267779
005059,0x2d781de58a6079e7,0xe7d12636594460c0,6,128,267779
005059,0x2d781de58a6079e7,0xe7d12636594460c0,7,128,267780
005059,0x2d781de58a6079e7,0xe7d12636594460c0,5,128,267778
005059,0x2d781de58a6079e7,0xe7d12636594460c0,4,128,267777
005059,0x80e58a0d78b05cf7,0xe96632a5b9a0b442,0,1,267779
005059,0xc762e4f1436fbb07,0x459112c1b891bb81,0,1,267778
005059,0x13e0b44d14e83de2,0xdd26016c2bb9c167,0,1,267777
005059,0xe7b03113c9b9c904,0x99db367455d2a6c9,0,1,267780
005097,0x5536c7d9bd44d567,0x68397d93bb6f627d,117,128,178976
005097,0x5536c7d9bd44d567,0x68397d93bb6f627d,116,128,178975
005097,0x5536c7d9bd44d567,0x68397d93bb6f627d,118,128,178977
005097,0x5536c7d9bd44d567,0x68397d93bb6f627d,119,128,178978
005097,0xbde14418498c1503,0xcfd692c17bc57083,0,1,178976
005097,0x1c465c52f572516,0x6dbb28ce2a2a7dd5,0,1,178977
005097,0xfe96b959e167ba06,0xa005e15893e6b651,0,1,178978
005097,0x1dc3dadabf79fed5,0x5d84ad200a82788c,0,1,178975
005097,0x2d781de58a6079e7,0xe7d12636594460c0,119,128,178978
005097,0x2d781de58a6079e7,0xe7d12636594460c0,117,128,178976
005097,0x2d781de58a6079e7,0xe7d12636594460c0,118,128,178977
005097,0x2d781de58a6079e7,0xe7d12636594460c0,116,128,178975
005097,0x8463825e9b458059,0x9e9f8cda53d62377,0,1,178978
005097,0xae9052e1be6a0ea9,0xf27a06ce4fe61181,0,1,178977
005097,0x6b2581933659d483,0xae9505d86e88b92b,0,1,178975
005097,0x4bd638b6ef8d7133,0xff626d96d36b9815,0,1,178976
