name,status,returncode,elapsed_s,timed_elapsed,max_rss_kib,max_rss_gib,exit_status_from_time,log
packaged_reproduce_all,ok,0,22.1401063837111,0:22.13,187292,0.17861557006835938,0,/mnt/scratch/SC_Tracing_final_scratch_rerun_20260627/logs/packaged_reproduce_all.log
demo_pipeline_reproduce_all,ok,0,22.169255236163735,0:22.16,188460,0.17972946166992188,0,/mnt/scratch/SC_Tracing_final_scratch_rerun_20260627/logs/demo_pipeline_reproduce_all.log
pytest,ok,0,7.8093382231891155,0:07.80,216320,0.206298828125,0,/mnt/scratch/SC_Tracing_final_scratch_rerun_20260627/logs/pytest.log
llama_n32_composite_cold,ok,0,1221.828774832189,20:21.82,2765920,2.637786865234375,0,/mnt/scratch/SC_Tracing_final_scratch_rerun_20260627/logs/llama_n32_composite_cold.log
compare_llama_n32_composite_vs_packaged,ok,0,0.39771076664328575,0:00.39,69888,0.066650390625,0,/mnt/scratch/SC_Tracing_final_scratch_rerun_20260627/logs/compare_llama_n32_composite_vs_packaged.log
llama_n32_bandwidth_cold,ok,0,1919.4777790233493,31:59.47,2099780,2.0025062561035156,0,/mnt/scratch/SC_Tracing_final_scratch_rerun_20260627/logs/llama_n32_bandwidth_cold.log
compare_llama_n32_bandwidth_vs_packaged,ok,0,0.39152948558330536,0:00.38,69888,0.066650390625,0,/mnt/scratch/SC_Tracing_final_scratch_rerun_20260627/logs/compare_llama_n32_bandwidth_vs_packaged.log
fig03_ch1_composite_cold,ok,0,23.7454828415066,0:23.74,513288,0.48950958251953125,0,/mnt/scratch/SC_Tracing_final_scratch_rerun_20260627/logs/fig03_ch1_composite_cold.log
compare_fig03_ch1_vs_packaged,ok,0,0.3930587936192751,0:00.39,69888,0.066650390625,0,/mnt/scratch/SC_Tracing_final_scratch_rerun_20260627/logs/compare_fig03_ch1_vs_packaged.log
fig03_auto_composite_cold,ok,0,24.109501576051116,0:24.10,576188,0.5494956970214844,0,/mnt/scratch/SC_Tracing_final_scratch_rerun_20260627/logs/fig03_auto_composite_cold.log
compare_fig03_auto_vs_packaged,ok,0,0.38631853088736534,0:00.38,69888,0.066650390625,0,/mnt/scratch/SC_Tracing_final_scratch_rerun_20260627/logs/compare_fig03_auto_vs_packaged.log
fig04_mixed_composite_cold,ok,0,67.55946762859821,1:07.55,844892,0.8057518005371094,0,/mnt/scratch/SC_Tracing_final_scratch_rerun_20260627/logs/fig04_mixed_composite_cold.log
compare_fig04_mixed_vs_packaged,ok,0,0.3842365015298128,0:00.38,69888,0.066650390625,0,/mnt/scratch/SC_Tracing_final_scratch_rerun_20260627/logs/compare_fig04_mixed_vs_packaged.log
fig5_nsys_to_monolithic,failed,1,588.3877876978368,9:48.38,5123084,4.885753631591797,1,/mnt/scratch/SC_Tracing_final_scratch_rerun_20260627/logs/fig5_nsys_to_monolithic.log
compare_fig5_mono_vs_packaged,ok,0,0.39592853747308254,0:00.39,69888,0.066650390625,0,/mnt/scratch/SC_Tracing_final_scratch_rerun_20260627/logs/compare_fig5_mono_vs_packaged.log
fig5_composite_historical_cold,ok,0,15.74207486025989,0:15.73,345440,0.329437255859375,0,/mnt/scratch/SC_Tracing_final_scratch_rerun_20260627/logs/fig5_composite_historical_cold.log
compare_fig5_historical_composite_vs_old_dev,ok,0,0.39402224123477936,0:00.39,69888,0.066650390625,0,/mnt/scratch/SC_Tracing_final_scratch_rerun_20260627/logs/compare_fig5_historical_composite_vs_old_dev.log
compare_fig5_historical_composite_vs_packaged,ok,0,0.3989948183298111,0:00.39,69888,0.066650390625,0,/mnt/scratch/SC_Tracing_final_scratch_rerun_20260627/logs/compare_fig5_historical_composite_vs_packaged.log
vllm_nsys_export_nsys_report_nid006673_57756,ok,0,21.100152000784874,0:21.09,43264,0.041259765625,0,/mnt/scratch/SC_Tracing_final_scratch_rerun_20260627/logs/vllm_nsys_export_nsys_report_nid006673_57756.log
vllm_nsys_export_nsys_report_nid006679_8937,ok,0,20.80401852540672,0:20.80,43264,0.041259765625,0,/mnt/scratch/SC_Tracing_final_scratch_rerun_20260627/logs/vllm_nsys_export_nsys_report_nid006679_8937.log
vllm_regenerate_from_sqlite,ok,0,867.93206612207,14:27.92,1664940,1.5878105163574219,0,/mnt/scratch/SC_Tracing_final_scratch_rerun_20260627/logs/vllm_regenerate_from_sqlite.log
vllm_composite_lp,ok,0,243.99952929094434,4:03.99,3321280,3.16741943359375,0,/mnt/scratch/SC_Tracing_final_scratch_rerun_20260627/logs/vllm_composite_lp.log
grok_N4_composite_cold,ok,0,4.7233949434012175,0:04.72,214528,0.20458984375,0,/mnt/scratch/SC_Tracing_final_scratch_rerun_20260627/logs/grok_N4_composite_cold.log
compare_grok_N4_composite_vs_development,ok,0,0.3916201051324606,0:00.38,69888,0.066650390625,0,/mnt/scratch/SC_Tracing_final_scratch_rerun_20260627/logs/compare_grok_N4_composite_vs_development.log
grok_N8_composite_cold,ok,0,9.394031085073948,0:09.39,255256,0.24343109130859375,0,/mnt/scratch/SC_Tracing_final_scratch_rerun_20260627/logs/grok_N8_composite_cold.log
compare_grok_N8_composite_vs_development,ok,0,0.3916609175503254,0:00.38,69888,0.066650390625,0,/mnt/scratch/SC_Tracing_final_scratch_rerun_20260627/logs/compare_grok_N8_composite_vs_development.log
grok_N16_composite_cold,ok,0,41.81682934239507,0:41.81,426252,0.4065055847167969,0,/mnt/scratch/SC_Tracing_final_scratch_rerun_20260627/logs/grok_N16_composite_cold.log
compare_grok_N16_composite_vs_development,ok,0,0.391287749633193,0:00.38,69888,0.066650390625,0,/mnt/scratch/SC_Tracing_final_scratch_rerun_20260627/logs/compare_grok_N16_composite_vs_development.log
grok_N32_composite_cold,ok,0,359.2817724607885,5:59.27,917964,0.8754386901855469,0,/mnt/scratch/SC_Tracing_final_scratch_rerun_20260627/logs/grok_N32_composite_cold.log
compare_grok_N32_composite_vs_development,ok,0,0.38860023021698,0:00.38,69888,0.066650390625,0,/mnt/scratch/SC_Tracing_final_scratch_rerun_20260627/logs/compare_grok_N32_composite_vs_development.log
grok_N64_composite_cold,ok,0,2973.2491390369833,49:33.24,1675988,1.5983467102050781,0,/mnt/scratch/SC_Tracing_final_scratch_rerun_20260627/logs/grok_N64_composite_cold.log
compare_grok_N64_composite_vs_development,ok,0,0.38829505443573,0:00.38,69888,0.066650390625,0,/mnt/scratch/SC_Tracing_final_scratch_rerun_20260627/logs/compare_grok_N64_composite_vs_development.log
grok_N128_composite_cold,timeout,124,7200.022234255448,2:00:00,131748,0.12564468383789062,124,/mnt/scratch/SC_Tracing_final_scratch_rerun_20260627/logs/grok_N128_composite_cold.log
compare_grok_N128_composite_vs_development,failed,1,0.45114415511488914,0:00.44,76544,0.072998046875,1,/mnt/scratch/SC_Tracing_final_scratch_rerun_20260627/logs/compare_grok_N128_composite_vs_development.log
grok_N256_composite_cold,ok,0,1869.1122688222677,31:09.10,8396660,8.007678985595703,0,/mnt/scratch/SC_Tracing_final_scratch_rerun_20260627/logs/grok_N256_composite_cold.log
compare_grok_N256_composite_vs_development,ok,0,0.3867870755493641,0:00.38,69888,0.066650390625,0,/mnt/scratch/SC_Tracing_final_scratch_rerun_20260627/logs/compare_grok_N256_composite_vs_development.log
grok_N512_composite_cold,ok,0,8913.959951935336,2:28:33,31967740,30.486812591552734,0,/mnt/scratch/SC_Tracing_final_scratch_rerun_20260627/logs/grok_N512_composite_cold.log
compare_grok_N512_composite_vs_development,ok,0,0.3847808223217726,0:00.38,69888,0.066650390625,0,/mnt/scratch/SC_Tracing_final_scratch_rerun_20260627/logs/compare_grok_N512_composite_vs_development.log
grok_N4_lgs_fresh,ok,0,50.653585746884346,0:50.65,574892,0.5482597351074219,0,/mnt/scratch/SC_Tracing_final_scratch_rerun_20260627/logs/grok_N4_lgs_fresh.log
grok_N8_lgs_fresh,ok,0,46.06668056175113,0:46.06,663528,0.6327896118164062,0,/mnt/scratch/SC_Tracing_final_scratch_rerun_20260627/logs/grok_N8_lgs_fresh.log
grok_N16_lgs_fresh,ok,0,164.80193666554987,2:44.79,1571276,1.4984855651855469,0,/mnt/scratch/SC_Tracing_final_scratch_rerun_20260627/logs/grok_N16_lgs_fresh.log
grok_N32_lgs_fresh,ok,0,1039.338079193607,17:19.33,7397168,7.0544891357421875,0,/mnt/scratch/SC_Tracing_final_scratch_rerun_20260627/logs/grok_N32_lgs_fresh.log
grok_N64_lgs_fresh,ok,0,3253.1679834965616,54:13.16,24744332,23.598033905029297,0,/mnt/scratch/SC_Tracing_final_scratch_rerun_20260627/logs/grok_N64_lgs_fresh.log
grok_N128_lgs_fresh,failed,1,308.79418851062655,5:08.79,118236,0.11275863647460938,1,/mnt/scratch/SC_Tracing_final_scratch_rerun_20260627/logs/grok_N128_lgs_fresh.log
grok_N256_lgs_fresh,failed,143,279.0205192267895,4:39.01,16640,0.015869140625,0,/mnt/scratch/SC_Tracing_final_scratch_rerun_20260627/logs/grok_N256_lgs_fresh.log
grok_N4_monolithic_point_fresh,ok,0,218.83006677404046,3:38.82,4109072,3.9187164306640625,0,/mnt/scratch/SC_Tracing_final_scratch_rerun_20260627/logs/grok_N4_monolithic_point_fresh.log
grok_N8_monolithic_point_fresh,ok,0,242.96485444903374,4:02.96,4590868,4.378192901611328,0,/mnt/scratch/SC_Tracing_final_scratch_rerun_20260627/logs/grok_N8_monolithic_point_fresh.log
grok_N16_monolithic_point_fresh,ok,0,561.1529119703919,9:21.15,10525592,10.037986755371094,0,/mnt/scratch/SC_Tracing_final_scratch_rerun_20260627/logs/grok_N16_monolithic_point_fresh.log
grok_N32_monolithic_point_fresh,ok,0,2600.3904897589236,43:20.38,43918480,41.88392639160156,0,/mnt/scratch/SC_Tracing_final_scratch_rerun_20260627/logs/grok_N32_monolithic_point_fresh.log
grok_N64_monolithic_point_fresh,ok,0,18705.1876299344,5:11:45,139870664,133.39105987548828,0,/mnt/scratch/SC_Tracing_final_scratch_rerun_20260627/logs/grok_N64_monolithic_point_fresh.log
grok_node_scaling_plot_fresh_outputs,ok,0,52.41569556295872,0:52.41,335404,0.3198661804199219,0,/mnt/scratch/SC_Tracing_final_scratch_rerun_20260627/logs/grok_node_scaling_plot_fresh_outputs.log
