L_ns,L_us,runtime_ns,runtime_ms,runtime_s
0.0,0.0,7554101562.0,7554.101562,7.554101562
5000.0,5.0,7554101562.0,7554.101562,7.554101562
10000.0,10.0,7554101562.0,7554.101562,7.554101562
15000.0,15.0,7576246939.400063,7576.246939400063,7.576246939400063
20000.0,20.0,7632456939.400063,7632.456939400063,7.632456939400063
25000.0,25.0,7688666939.400063,7688.666939400063,7.688666939400062
30000.0,30.0,7744876939.400063,7744.876939400063,7.744876939400062
35000.0,35.0,7801086939.400063,7801.086939400063,7.801086939400062
40000.0,40.0,7857296939.400063,7857.296939400063,7.8572969394000625
45000.0,45.0,7913506939.400063,7913.506939400063,7.913506939400063
50000.0,50.0,7969716939.400063,7969.716939400063,7.969716939400063
55000.0,55.0,8025926939.400063,8025.926939400062,8.025926939400062
60000.0,60.0,8082136939.400063,8082.136939400062,8.082136939400062
65000.0,65.0,8138346939.400063,8138.346939400062,8.138346939400062
70000.0,70.0,8194556939.400063,8194.556939400063,8.194556939400062
75000.0,75.0,8250766939.400063,8250.766939400062,8.250766939400062
80000.0,80.0,8306976939.400063,8306.976939400063,8.306976939400062
85000.0,85.0,8363186939.400063,8363.186939400062,8.363186939400062
90000.0,90.0,8419396939.400063,8419.396939400063,8.419396939400063
95000.0,95.0,8475606939.400063,8475.606939400062,8.475606939400063
100000.0,100.0,8531816939.400063,8531.816939400063,8.531816939400063
105000.0,105.0,8588026939.400063,8588.026939400062,8.588026939400063
110000.0,110.0,8644236939.400063,8644.236939400063,8.644236939400063
115000.0,115.0,8700446939.400063,8700.446939400063,8.700446939400063
120000.0,120.0,8756656939.400063,8756.656939400062,8.756656939400063
125000.0,125.0,8812866939.400063,8812.866939400063,8.812866939400063
130000.0,130.0,8869076939.400063,8869.076939400062,8.869076939400063
135000.0,135.0,8925286939.400063,8925.286939400063,8.925286939400063
140000.0,140.0,8981496939.400063,8981.496939400062,8.981496939400063
145000.0,145.0,9037706939.400063,9037.706939400063,9.037706939400062
150000.0,150.0,9093916939.400063,9093.916939400062,9.093916939400062
155000.0,155.0,9150126939.400063,9150.126939400063,9.150126939400062
160000.0,160.0,9206336939.400063,9206.336939400062,9.206336939400062
165000.0,165.0,9262546939.400063,9262.546939400063,9.262546939400062
170000.0,170.0,9318756939.400063,9318.756939400062,9.318756939400062
175000.0,175.0,9374966939.400063,9374.966939400063,9.374966939400062
180000.0,180.0,9431176939.400063,9431.176939400062,9.431176939400062
185000.0,185.0,9487386939.400063,9487.386939400063,9.487386939400063
190000.0,190.0,9543596939.400063,9543.596939400062,9.543596939400063
195000.0,195.0,9599806939.400063,9599.806939400063,9.599806939400063
200000.0,200.0,9656016939.400063,9656.016939400062,9.656016939400063
205000.0,205.0,9712226939.400063,9712.226939400063,9.712226939400063
210000.0,210.0,9768436939.400063,9768.436939400062,9.768436939400063
215000.0,215.0,9824646939.400063,9824.646939400063,9.824646939400063
220000.0,220.0,9880856939.400063,9880.856939400062,9.880856939400063
225000.0,225.0,9937066939.400063,9937.066939400063,9.937066939400063
230000.0,230.0,9993276939.400063,9993.276939400062,9.993276939400063
235000.0,235.0,10049486939.400063,10049.486939400063,10.049486939400063
240000.0,240.0,10105696939.400063,10105.696939400063,10.105696939400062
245000.0,245.0,10161906939.400063,10161.906939400062,10.161906939400062
250000.0,250.0,10218116939.400063,10218.116939400063,10.218116939400062
255000.0,255.0,10274326939.400063,10274.326939400062,10.274326939400062
260000.0,260.0,10330536939.400063,10330.536939400063,10.330536939400062
265000.0,265.0,10386746939.400063,10386.746939400062,10.386746939400062
270000.0,270.0,10442956939.400063,10442.956939400063,10.442956939400062
275000.0,275.0,10499166939.400063,10499.166939400062,10.499166939400062
280000.0,280.0,10555376939.400063,10555.376939400063,10.555376939400062
285000.0,285.0,10611586939.400063,10611.586939400062,10.611586939400063
290000.0,290.0,10667796939.400063,10667.796939400063,10.667796939400063
295000.0,295.0,10724006939.400063,10724.006939400062,10.724006939400063
300000.0,300.0,10780216939.400063,10780.216939400063,10.780216939400063
305000.0,305.0,10836426939.400063,10836.426939400062,10.836426939400063
310000.0,310.0,10892636939.400063,10892.636939400063,10.892636939400063
315000.0,315.0,10948846939.400063,10948.846939400062,10.948846939400063
320000.0,320.0,11005056939.400063,11005.056939400063,11.005056939400063
325000.0,325.0,11061266939.400063,11061.266939400062,11.061266939400063
330000.0,330.0,11117476939.400063,11117.476939400063,11.117476939400063
335000.0,335.0,11173686939.400063,11173.686939400062,11.173686939400062
340000.0,340.0,11229896939.400063,11229.896939400063,11.229896939400062
345000.0,345.0,11286106939.400063,11286.106939400062,11.286106939400062
350000.0,350.0,11342316939.400063,11342.316939400063,11.342316939400062
355000.0,355.0,11398526939.400063,11398.526939400062,11.398526939400062
360000.0,360.0,11454736939.400063,11454.736939400063,11.454736939400062
365000.0,365.0,11510946939.400063,11510.946939400063,11.510946939400062
370000.0,370.0,11567156939.400063,11567.156939400062,11.567156939400062
375000.0,375.0,11623366939.400063,11623.366939400063,11.623366939400062
380000.0,380.0,11679576939.400063,11679.576939400062,11.679576939400063
385000.0,385.0,11735786939.400063,11735.786939400063,11.735786939400063
390000.0,390.0,11791996939.400063,11791.996939400062,11.791996939400063
395000.0,395.0,11848206939.400063,11848.206939400063,11.848206939400063
400000.0,400.0,11904416939.400063,11904.416939400062,11.904416939400063
405000.0,405.0,11960626939.400063,11960.626939400063,11.960626939400063
410000.0,410.0,12016836939.400063,12016.836939400062,12.016836939400063
415000.0,415.0,12073046939.400063,12073.046939400063,12.073046939400063
420000.0,420.0,12129256939.400063,12129.256939400062,12.129256939400063
425000.0,425.0,12185466939.400063,12185.466939400063,12.185466939400063
430000.0,430.0,12241676939.400063,12241.676939400062,12.241676939400062
435000.0,435.0,12297886939.400063,12297.886939400063,12.297886939400062
440000.0,440.0,12354096939.400063,12354.096939400062,12.354096939400062
445000.0,445.0,12410306939.400063,12410.306939400063,12.410306939400062
450000.0,450.0,12466516939.400063,12466.516939400062,12.466516939400062
455000.0,455.0,12522726939.400063,12522.726939400063,12.522726939400062
460000.0,460.0,12578936939.400063,12578.936939400062,12.578936939400062
465000.0,465.0,12635146939.400063,12635.146939400063,12.635146939400062
470000.0,470.0,12691356939.400063,12691.356939400062,12.691356939400062
475000.0,475.0,12747566939.400063,12747.566939400063,12.747566939400063
480000.0,480.0,12803776939.400063,12803.776939400062,12.803776939400063
485000.0,485.0,12859986939.400063,12859.986939400063,12.859986939400063
490000.0,490.0,12916196939.400063,12916.196939400063,12.916196939400063
495000.0,495.0,12972406939.400063,12972.406939400062,12.972406939400063
500000.0,500.0,13028616939.400063,13028.616939400063,13.028616939400063
505000.0,505.0,13084826939.400063,13084.826939400062,13.084826939400063
510000.0,510.0,13141036939.400063,13141.036939400063,13.141036939400063
515000.0,515.0,13197246939.400063,13197.246939400062,13.197246939400063
520000.0,520.0,13253456939.400063,13253.456939400063,13.253456939400063
525000.0,525.0,13309666939.400063,13309.666939400062,13.309666939400062
530000.0,530.0,13365876939.400063,13365.876939400063,13.365876939400062
535000.0,535.0,13422086939.400063,13422.086939400062,13.422086939400062
540000.0,540.0,13478296939.400063,13478.296939400063,13.478296939400062
545000.0,545.0,13534506939.400063,13534.506939400062,13.534506939400062
550000.0,550.0,13590716939.400063,13590.716939400063,13.590716939400062
555000.0,555.0,13646926939.400063,13646.926939400062,13.646926939400062
560000.0,560.0,13703136939.400063,13703.136939400063,13.703136939400062
565000.0,565.0,13759346939.400063,13759.346939400062,13.759346939400062
570000.0,570.0,13815556939.400063,13815.556939400063,13.815556939400063
575000.0,575.0,13871766939.400063,13871.766939400062,13.871766939400063
580000.0,580.0,13927976939.400063,13927.976939400063,13.927976939400063
585000.0,585.0,13984186939.400063,13984.186939400062,13.984186939400063
590000.0,590.0,14040396939.400063,14040.396939400063,14.040396939400063
595000.0,595.0,14096606939.400063,14096.606939400062,14.096606939400063
600000.0,600.0,14152816939.400063,14152.816939400063,14.152816939400063
605000.0,605.0,14209026939.400063,14209.026939400062,14.209026939400063
610000.0,610.0,14265236939.400063,14265.236939400063,14.265236939400063
615000.0,615.0,14321446939.400063,14321.446939400063,14.321446939400063
620000.0,620.0,14377656939.400063,14377.656939400062,14.377656939400062
625000.0,625.0,14433866939.400063,14433.866939400063,14.433866939400062
630000.0,630.0,14490076939.400063,14490.076939400062,14.490076939400062
635000.0,635.0,14546286939.400063,14546.286939400063,14.546286939400062
640000.0,640.0,14602496939.400063,14602.496939400062,14.602496939400062
645000.0,645.0,14658706939.400063,14658.706939400063,14.658706939400062
650000.0,650.0,14714916939.400063,14714.916939400062,14.714916939400062
655000.0,655.0,14771126939.400063,14771.126939400063,14.771126939400062
660000.0,660.0,14827336939.400063,14827.336939400062,14.827336939400062
665000.0,665.0,14883546939.400063,14883.546939400063,14.883546939400063
670000.0,670.0,14939756939.400063,14939.756939400062,14.939756939400063
675000.0,675.0,14995966939.400063,14995.966939400063,14.995966939400063
680000.0,680.0,15052176939.400063,15052.176939400062,15.052176939400063
685000.0,685.0,15108386939.400063,15108.386939400063,15.108386939400063
690000.0,690.0,15164596939.400063,15164.596939400062,15.164596939400063
695000.0,695.0,15220806939.400063,15220.806939400063,15.220806939400063
700000.0,700.0,15277016939.400063,15277.016939400062,15.277016939400063
705000.0,705.0,15333226939.400063,15333.226939400063,15.333226939400063
710000.0,710.0,15389436939.400063,15389.436939400062,15.389436939400063
715000.0,715.0,15445646939.400063,15445.646939400063,15.445646939400062
720000.0,720.0,15501856939.400063,15501.856939400062,15.501856939400062
725000.0,725.0,15558066939.400063,15558.066939400063,15.558066939400062
730000.0,730.0,15614276939.400063,15614.276939400062,15.614276939400062
735000.0,735.0,15670486939.400063,15670.486939400063,15.670486939400062
740000.0,740.0,15726696939.400063,15726.696939400063,15.726696939400062
745000.0,745.0,15782906939.400063,15782.906939400062,15.782906939400062
750000.0,750.0,15839116939.400063,15839.116939400063,15.839116939400062
755000.0,755.0,15895326939.400063,15895.326939400062,15.895326939400062
760000.0,760.0,15951536939.400063,15951.536939400063,15.951536939400063
765000.0,765.0,16007746939.400063,16007.746939400062,16.00774693940006
770000.0,770.0,16063956939.400063,16063.956939400063,16.06395693940006
775000.0,775.0,16120166939.400063,16120.166939400062,16.12016693940006
780000.0,780.0,16176376939.400063,16176.376939400063,16.17637693940006
785000.0,785.0,16232586939.400063,16232.586939400062,16.23258693940006
790000.0,790.0,16288796939.400063,16288.796939400063,16.28879693940006
795000.0,795.0,16345006939.400063,16345.006939400062,16.34500693940006
800000.0,800.0,16401216939.400063,16401.216939400063,16.40121693940006
805000.0,805.0,16457426939.400063,16457.426939400062,16.45742693940006
810000.0,810.0,16513636939.400063,16513.63693940006,16.51363693940006
815000.0,815.0,16569846939.400063,16569.846939400064,16.569846939400062
820000.0,820.0,16626056939.400063,16626.056939400063,16.626056939400062
825000.0,825.0,16682266939.400063,16682.266939400062,16.682266939400062
830000.0,830.0,16738476939.400063,16738.47693940006,16.738476939400062
835000.0,835.0,16794686939.400063,16794.686939400064,16.794686939400062
840000.0,840.0,16850896939.400063,16850.896939400063,16.850896939400062
845000.0,845.0,16907106939.400063,16907.106939400062,16.907106939400062
850000.0,850.0,16963316939.400063,16963.31693940006,16.963316939400062
855000.0,855.0,17019526939.400063,17019.526939400064,17.019526939400063
860000.0,860.0,17075736939.400063,17075.736939400063,17.075736939400063
865000.0,865.0,17131946939.400063,17131.946939400063,17.131946939400063
870000.0,870.0,17188156939.400063,17188.15693940006,17.188156939400063
875000.0,875.0,17244366939.400063,17244.36693940006,17.244366939400063
880000.0,880.0,17300576939.400063,17300.576939400064,17.300576939400063
885000.0,885.0,17356786939.400063,17356.786939400063,17.356786939400063
890000.0,890.0,17412996939.400063,17412.996939400062,17.412996939400063
895000.0,895.0,17469206939.400063,17469.20693940006,17.469206939400063
900000.0,900.0,17525416939.400063,17525.416939400064,17.525416939400063
905000.0,905.0,17581626939.400063,17581.626939400063,17.581626939400063
910000.0,910.0,17637836939.400063,17637.836939400062,17.637836939400064
915000.0,915.0,17694046939.400063,17694.04693940006,17.694046939400064
920000.0,920.0,17750256939.400063,17750.256939400064,17.750256939400064
925000.0,925.0,17806466939.400063,17806.466939400063,17.806466939400064
930000.0,930.0,17862676939.400063,17862.676939400062,17.862676939400064
935000.0,935.0,17918886939.400063,17918.88693940006,17.918886939400064
940000.0,940.0,17975096939.400063,17975.096939400064,17.975096939400064
945000.0,945.0,18031306939.400063,18031.306939400063,18.031306939400064
950000.0,950.0,18087516939.400063,18087.516939400062,18.087516939400064
955000.0,955.0,18143726939.400063,18143.72693940006,18.14372693940006
960000.0,960.0,18199936939.400063,18199.936939400064,18.19993693940006
965000.0,965.0,18256146939.400063,18256.146939400063,18.25614693940006
970000.0,970.0,18312356939.400063,18312.356939400062,18.31235693940006
975000.0,975.0,18368566939.400063,18368.56693940006,18.36856693940006
980000.0,980.0,18424776939.400063,18424.776939400064,18.42477693940006
985000.0,985.0,18480986939.400063,18480.986939400063,18.48098693940006
990000.0,990.0,18537196939.400063,18537.196939400063,18.53719693940006
995000.0,995.0,18593406939.400063,18593.40693940006,18.59340693940006
1000000.0,1000.0,18649616939.400063,18649.61693940006,18.64961693940006
